arjun_m,Arjun Menon,arjun.menon@gmail.com,9847012356,"12 MG Road, Thiruvananthapuram",2004-05-14,Arjun@2025,2025-01-03 07:20:00
meera_n,Meera Nair,meera.nair@gmail.com,9876123405,"45 Kowdiar Avenue, Thiruvananthapuram",2003-11-22,Meera#2025,2025-01-08 06:38:00
rahul_s,Rahul Sharma,rahul.sharma@gmail.com,9961457823,"28 Civil Lines, Kochi",2002-08-09,Rahul@2025,2025-01-13 02:21:00
ananya_k,Ananya Krishnan,ananya.k@gmail.com,9746235810,"17 Vyttila Junction, Kochi",2005-02-17,Ananya#25,2025-01-18 02:15:00
rohan_t,Rohan Thomas,rohan.thomas@gmail.com,9895124763,"63 Market Road, Kollam",2001-12-30,Rohan@2025,2025-01-23 07:17:00
diya_j,Diya Joseph,diya.joseph@gmail.com,9633872145,"8 Palace Road, Thrissur",2004-07-25,Diya#2025,2025-01-28 04:07:00
vivek_p,Vivek Pillai,vivek.pillai@gmail.com,9567823419,"91 Sasthamangalam, Thiruvananthapuram",2000-04-18,Vivek@2025,2025-02-02 04:45:00
isha_v,Isha Varma,isha.varma@gmail.com,9496127835,"34 Palarivattom, Kochi",2003-09-12,Isha#2025,2025-02-07 04:53:00
adithya_r,Adithya Raj,adithya.raj@gmail.com,7012348956,"22 Asramam Road, Kollam",2002-06-06,Adithya@25,2025-02-12 07:05:00
neha_t,Neha Thomas,neha.thomas@gmail.com,8606124738,"76 Round North, Thrissur",2005-01-29,Neha#2025,2025-02-17 03:54:00
kiran_b,Kiran Babu,kiran.babu@gmail.com,8089123647,"19 Kesavadasapuram, Thiruvananthapuram",2001-03-11,Kiran@2025,2025-02-22 06:38:00
sana_a,Sana Ali,sana.ali@gmail.com,7736124589,"51 Kaloor, Kochi",2003-06-28,Sana#2025,2025-02-27 02:35:00
manu_r,Manu Raj,manu.raj@gmail.com,9447126385,"7 Beach Road, Kozhikode",2000-10-04,Manu@2025,2025-03-04 04:54:00
fathima_h,Fathima Hussain,fathima.hussain@gmail.com,8129346751,"26 Nadakkavu, Kozhikode",2004-12-16,Fathima#25,2025-03-09 06:43:00
dev_p,Dev Prakash,dev.prakash@gmail.com,8590342176,"39 Main Road, Alappuzha",2002-01-23,Dev@2025,2025-03-14 03:46:00
